productName,category,frontType,doorCount,drawerCount,appliance,hasFalseFront,cornerStyle,notes
1 Drawer Suspended Cabinet,SUSPENDED,DRAWERS,0,1,,,,
2 Drawer Suspended Cabinet,SUSPENDED,DRAWERS,0,2,,,,
Base 1 Door,BASE,DOORS,1,0,,,,
Base 1 Door 1 Drawer,BASE,COMBO,1,1,,,,
Base 1 Door 1 Drawer Blind Corner,BASE,COMBO,1,1,,,BLIND,
Base 1 Door No Bottom,BASE,DOORS,1,0,,,,
Base 1 Door Sink,BASE,SINK,1,0,,False,,isSink
Base 1 Door Sink With False Front,BASE,SINK,1,0,,True,,isSink;hasFalseFront
Base 1 Drawer,BASE,DRAWERS,0,1,,,,
Base 1 Drawer Microwave,BASE,APPLIANCE_OPENING,0,0,MICROWAVE,,,appliance
Base 1 Drawer Waste Bin,BASE,WASTEBIN,0,0,,,,wasteBin
Base 1 Drawer Waste Bin With Top Drawer,BASE,WASTEBIN,0,0,,,,wasteBin
Base 2 Bay Drawer,BASE,DRAWERS,0,3,,,,
Base 2 Door,BASE,DOORS,2,0,,,,
Base 2 Door 1 Drawer,BASE,COMBO,2,1,,,,
Base 2 Door 1 Drawer Blind Corner,BASE,COMBO,2,1,,,BLIND,
Base 2 Door 2 Drawer,BASE,COMBO,2,2,,,,
Base 2 Door 4 Drawer Cabinet,BASE,COMBO,2,4,,,,
Base 2 Door ADA Sink,BASE,SINK,2,0,,False,,isSink
Base 2 Door ADA Sink With False Front,BASE,SINK,2,0,,True,,isSink;hasFalseFront
Base 2 Door No Bottom,BASE,DOORS,2,0,,,,
Base 2 Door Sink,BASE,SINK,2,0,,False,,isSink
Base 2 Door Sink With False Front,BASE,SINK,2,0,,True,,isSink;hasFalseFront
Base 2 Doors Middle 4 Drawer Cabinet,BASE,COMBO,2,4,,,,
Base 2 Drawer,BASE,DRAWERS,0,2,,,,
Base 2 Drawer Waste Bin,BASE,WASTEBIN,0,0,,,,wasteBin
Base 3 Door,BASE,DOORS,3,0,,,,
Base 3 Drawer,BASE,DRAWERS,0,3,,,,
Base 3 Drawer 2 Door Cabinet,BASE,COMBO,2,3,,,,
Base 3 Drawer Split Top Drawer,BASE,DRAWERS,0,3,,,,
Base 4 Drawer,BASE,DRAWERS,0,4,,,,
Base 4 Drawer Split Top Drawer,BASE,DRAWERS,0,4,,,,
Base 5 Drawer,BASE,DRAWERS,0,5,,,,
Base 6 Drawer,BASE,DRAWERS,0,6,,,,
Base 7 Drawer,BASE,DRAWERS,0,7,,,,
Base Any Angle Cabinet,BASE,OPEN,0,0,,,,
Base Blind Corner,BASE,OPEN,0,0,,,BLIND,
Base Corner Diagonal Cabinet,BASE,OPEN,0,0,,,DIAGONAL,
Base Corner Open Cabinet,BASE,OPEN,0,0,,,L_SHAPE,
Base Corner Open Diagonal Cabinet,BASE,OPEN,0,0,,,DIAGONAL,
Base Diagonal Angle Cabinet,BASE,OPEN,0,0,,,,
Base Drawer Sink With False Front,BASE,SINK,2,0,,True,,isSink;hasFalseFront
Base Folding Door Cabinet,BASE,DOORS,1,0,,,,
Base Island Box End,BASE,OPEN,0,0,,,,
Base Open,BASE,OPEN,0,0,,,,
Base Open 1 Drawer,BASE,OPEN,0,0,,,,
Base Open 2 Drawer,BASE,OPEN,0,0,,,,
Base Open Blind Corner,BASE,OPEN,0,0,,,BLIND,
Base Open Diagonal Angle Cabinet,BASE,OPEN,0,0,,,,
Base Open End Cabinet,BASE,OPEN,0,0,,,,
Base Open Pigeon Holes,BASE,OPEN,0,0,,,,pigeonHoles
Base Pullout,BASE,OPEN,0,0,,,,
Base Sliding Door Cabinet,BASE,DOORS,1,0,,,,
Base Starter,BASE,OPEN,0,0,,,,starter
Base Transition Angle Cabinet,BASE,OPEN,0,0,,,,
Base Under Counter Oven,BASE,APPLIANCE_OPENING,0,0,OVEN,,,appliance
Base Winerack,BASE,OPEN,0,0,,,,wineRack
Cabinet Faces Only,MISC,OPEN,0,0,,,,
Counter Height 1 Door,MISC,DOORS,1,0,,,,
Counter Height 2 Door,MISC,DOORS,2,0,,,,
Counter Height Appliance Cabinet,MISC,OPEN,0,0,,,,
Counter Height Diagonal Corner Appliance Cabinet,MISC,OPEN,0,0,,,DIAGONAL,
Counter Height Diagonal Corner Cabinet,MISC,OPEN,0,0,,,DIAGONAL,
Counter Height Hutch,MISC,OPEN,0,0,,,,
Counter Height Hutch With Pigeon Holes,MISC,OPEN,0,0,,,,pigeonHoles
Counter Height Starter,MISC,OPEN,0,0,,,,starter
Counter Height With Tambour Door,MISC,DOORS,1,0,,,,
Extruded Base Cabinet,MISC,OPEN,0,0,,,,
Extruded Master Cabinet,MISC,OPEN,0,0,,,,
Extruded Upper Cabinet,MISC,OPEN,0,0,,,,
Horizontal Designer Suspended Cabinet,SUSPENDED,OPEN,0,0,,,,
Liftup Door Cabinet,MISC,DOORS,1,0,,,,
Master 2 Bay Horizontal Cabinet,MISC,OPEN,0,0,,,,
Master Angle End Cabinet,MISC,OPEN,0,0,,,,
Master Angled Ends Cabinet,MISC,OPEN,0,0,,,,
Master Any Angle Cabinet,MISC,OPEN,0,0,,,,
Master Appliance Cabinet,MISC,OPEN,0,0,,,,
Master Blind Corner Cabinet,MISC,OPEN,0,0,,,BLIND,
Master Cabinet,MISC,OPEN,0,0,,,,
Master Corner Cabinet,MISC,OPEN,0,0,,,L_SHAPE,
Master Corner Open Cabinet,MISC,OPEN,0,0,,,L_SHAPE,
Master Corner Vertical Designer Cabinet,MISC,OPEN,0,0,,,L_SHAPE,
Master Diagonal Angle Cabinet,MISC,OPEN,0,0,,,,
Master Diagonal Vertical Designer Cabinet,MISC,OPEN,0,0,,,,
Master Double Sided Cabinet,MISC,OPEN,0,0,,,,
Master Enclosed Appliance Cabinet,MISC,OPEN,0,0,,,,
Master Horizontal Designer Cabinet,MISC,OPEN,0,0,,,,
Master Open Cabinet,MISC,OPEN,0,0,,,,
Master Open Corner End Cabinet,MISC,OPEN,0,0,,,L_SHAPE,
Master Split Cabinet,MISC,OPEN,0,0,,,,
Master Split Corner Cabinet,MISC,OPEN,0,0,,,L_SHAPE,
Master Split Height Designer Cabinet,MISC,OPEN,0,0,,,,
Master Transition Angle Cabinet,MISC,OPEN,0,0,,,,
Master Under Stair Cabinet,MISC,OPEN,0,0,,,,
Open Horizontal Designer Suspended Cabinet,SUSPENDED,OPEN,0,0,,,,
Open Suspended Cabinet,SUSPENDED,OPEN,0,0,,,,
Tall 1 Door,TALL,DOORS,1,0,,,,
Tall 1 Door Broom Cabinet,TALL,DOORS,1,0,,,,
Tall 1 Door No Bottom,TALL,DOORS,1,0,,,,
Tall 1 Door With Fixed Shelf,TALL,DOORS,1,0,,,,
Tall 1 Door With Inner Drawers,TALL,DOORS,1,0,,,,innerDrawers
Tall 2 Door,TALL,DOORS,2,0,,,,
Tall 2 Door Angled Back,TALL,DOORS,2,0,,,,
Tall 2 Door Broom Cabinet,TALL,DOORS,2,0,,,,
Tall 2 Door No Bottom,TALL,DOORS,2,0,,,,
Tall 2 Door Pantry,TALL,DOORS,2,0,,,,
Tall 2 Door With Fixed Shelf,TALL,DOORS,2,0,,,,
Tall 2 Door With Inner Drawers,TALL,DOORS,2,0,,,,innerDrawers
Tall 3 Door,TALL,DOORS,3,0,,,,
Tall Any Angle Cabinet,TALL,OPEN,0,0,,,,
Tall Blind Corner,TALL,OPEN,0,0,,,BLIND,
Tall Corner Diagonal Cabinet,TALL,OPEN,0,0,,,DIAGONAL,
Tall Corner Open Cabinet,TALL,OPEN,0,0,,,L_SHAPE,
Tall Corner Open Diagonal Cabinet,TALL,OPEN,0,0,,,DIAGONAL,
Tall Corner Pantry Cabinet,TALL,OPEN,0,0,,,CORNER_PANTRY,
Tall Diagonal Angle Cabinet,TALL,OPEN,0,0,,,,
Tall Folding Door Cabinet,TALL,DOORS,1,0,,,,
Tall Fridge Cabinet,TALL,APPLIANCE_OPENING,0,0,FRIDGE,,,appliance
Tall Open,TALL,OPEN,0,0,,,,
Tall Open Blind Corner,TALL,OPEN,0,0,,,BLIND,
Tall Open Diagonal Angle Cabinet,TALL,OPEN,0,0,,,,
Tall Open End Cabinet,TALL,OPEN,0,0,,,,
Tall Open No Bottom,TALL,OPEN,0,0,,,,
Tall Open Pigeon Holes,TALL,OPEN,0,0,,,,pigeonHoles
Tall Pullout Pantry,TALL,OPEN,0,0,,,,pullout
Tall Sliding Door Cabinet,TALL,DOORS,1,0,,,,
Tall Split Corner Pantry Cabinet,TALL,OPEN,0,0,,,CORNER_PANTRY,
Tall Starter,TALL,OPEN,0,0,,,,starter
Tall Transition Angle Cabinet,TALL,OPEN,0,0,,,,
Tall Winerack,TALL,OPEN,0,0,,,,wineRack
Under Stair Vertical 2 Bay Cabinet,BASE,OPEN,0,0,,,,
Upper 1 Door,UPPER,DOORS,1,0,,,,
Upper 1 Door Glass Door,UPPER,DOORS,1,0,,,,
Upper 2 Door,UPPER,DOORS,2,0,,,,
Upper 2 Door Glass Door,UPPER,DOORS,2,0,,,,
Upper 2 Door Microwave,UPPER,APPLIANCE_OPENING,2,0,MICROWAVE,,,appliance
Upper 3 Door,UPPER,DOORS,3,0,,,,
Upper Any Angle Cabinet,UPPER,OPEN,0,0,,,,
Upper Blind Corner,UPPER,OPEN,0,0,,,BLIND,
Upper Corner Diagonal Cabinet,UPPER,OPEN,0,0,,,DIAGONAL,
Upper Corner Open Cabinet,UPPER,OPEN,0,0,,,L_SHAPE,
Upper Corner Open Curved Cabinet,UPPER,OPEN,0,0,,,L_SHAPE,
Upper Corner Open Diagonal Cabinet,UPPER,OPEN,0,0,,,DIAGONAL,
Upper Diagonal Angle Cabinet,UPPER,OPEN,0,0,,,,
Upper Folding Door Cabinet,UPPER,DOORS,1,0,,,,
Upper Horizontal Winerack,UPPER,OPEN,0,0,,,,wineRack
Upper Microwave Cabinet,UPPER,APPLIANCE_OPENING,0,0,MICROWAVE,,,appliance
Upper Open,UPPER,OPEN,0,0,,,,
Upper Open Blind Corner,UPPER,OPEN,0,0,,,BLIND,
Upper Open Diagonal Angle Cabinet,UPPER,OPEN,0,0,,,,
Upper Open End Cabinet,UPPER,OPEN,0,0,,,,
Upper Open Pigeon Holes,UPPER,OPEN,0,0,,,,pigeonHoles
Upper Rangehood Cabinet,UPPER,APPLIANCE_OPENING,0,0,RANGEHOOD,,,appliance
Upper Sliding Door Cabinet,UPPER,DOORS,1,0,,,,
Upper Sloped Top,UPPER,OPEN,0,0,,,,
Upper Starter,UPPER,OPEN,0,0,,,,starter
Upper Transition Angle Cabinet,UPPER,OPEN,0,0,,,,
Upper Undermount Rangehood Cabinet,UPPER,APPLIANCE_OPENING,0,0,RANGEHOOD,,,appliance
Upper Winerack,UPPER,OPEN,0,0,,,,wineRack
